id,first_name,last_name,email,gender,ip_address
1,Gwenni,Gingles,ggingles0@printfriendly.com,Female,208.21.210.68
2,Hamid,Guidone,hguidone1@globo.com,Male,159.76.211.96
3,Dolores,Borthe,dborthe2@alexa.com,Female,58.190.26.171
4,Brigitte,Kondratovich,bkondratovich3@ucoz.ru,Female,108.140.61.96
5,Junina,Ewer,jewer4@parallels.com,Female,86.156.116.68
6,Gusty,Bowcock,gbowcock5@forbes.com,Female,229.170.80.194
7,Trueman,De Caville,tdecaville6@aol.com,Male,32.2.26.192
8,Gabie,Turnbull,gturnbull7@instagram.com,Female,106.142.92.243
9,Codi,Ethelston,cethelston8@japanpost.jp,Female,133.244.248.186
10,Hashim,Bushell,hbushell9@shop-pro.jp,Male,43.101.8.203
11,Farlay,Scanterbury,fscanterburya@rediff.com,Male,236.185.241.121
12,Jsandye,Sothern,jsothernb@stanford.edu,Female,18.193.191.121
13,Thaddus,Mathwen,tmathwenc@cargocollective.com,Male,56.152.68.66
14,Henrie,Sor,hsord@istockphoto.com,Female,186.118.166.189
15,Moshe,McGorley,mmcgorleye@uol.com.br,Male,159.48.127.51
16,Skelly,Ivasechko,sivasechkof@psu.edu,Agender,102.206.212.47
17,Emlynne,Burdass,eburdassg@newyorker.com,Female,209.6.136.210
18,Tan,Stuart,tstuarth@altervista.org,Male,78.192.81.94
19,Cooper,Nestor,cnestori@sogou.com,Male,19.93.34.161
20,Vito,Worthy,vworthyj@sogou.com,Male,14.54.123.143
21,Carleton,Antyukhin,cantyukhink@miibeian.gov.cn,Male,150.121.248.18
22,Humfried,Gooddy,hgooddyl@dmoz.org,Male,74.221.246.153
23,Luke,Milnthorpe,lmilnthorpem@qq.com,Male,32.73.111.218
24,Celine,Drexel,cdrexeln@ftc.gov,Female,34.116.24.195
25,Kimmy,Whyborn,kwhyborno@ucsd.edu,Female,65.65.221.163
26,Boris,Leroy,bleroyp@ibm.com,Male,1.169.214.142
27,Rogerio,Pentecost,rpentecostq@histats.com,Male,9.8.161.28
28,Nady,Bolstridge,nbolstridger@oakley.com,Female,239.201.84.100
29,Friedrick,Lennox,flennoxs@livejournal.com,Male,5.198.97.15
30,Isabeau,Mole,imolet@zdnet.com,Female,53.100.92.97
31,Lorita,Robertazzi,lrobertazziu@exblog.jp,Female,119.71.172.67
32,Gorden,Lidierth,glidierthv@ustream.tv,Male,167.227.245.4
33,Antonetta,Jury,ajuryw@dedecms.com,Female,202.113.63.250
34,Terencio,Toderbrugge,ttoderbruggex@jigsy.com,Male,200.48.164.63
35,Gabbey,Byas,gbyasy@wikipedia.org,Female,135.190.251.163
36,Tobiah,Stratten,tstrattenz@newsvine.com,Male,37.221.126.63
37,Melly,Crosfield,mcrosfield10@google.nl,Female,72.121.17.118
38,Ross,Buggy,rbuggy11@comcast.net,Male,57.131.193.35
39,Tiphani,Bandey,tbandey12@stumbleupon.com,Female,165.82.198.65
40,Kingsly,Wrates,kwrates13@amazon.com,Genderfluid,166.105.139.176
41,Melisenda,Velti,mvelti14@facebook.com,Female,44.59.34.143
42,Andy,Travis,atravis15@answers.com,Female,178.239.121.97
43,Winifield,Langtry,wlangtry16@webs.com,Male,198.249.5.144
44,Dahlia,Readshaw,dreadshaw17@networksolutions.com,Female,148.146.236.76
45,Obadiah,Brougham,obrougham18@loc.gov,Male,172.37.238.125
46,Charlotta,Oganesian,coganesian19@tuttocitta.it,Genderqueer,211.119.86.66
47,Al,McRitchie,amcritchie1a@weather.com,Male,242.90.231.47
48,Salomo,Gildersleaves,sgildersleaves1b@wordpress.com,Male,90.203.45.181
49,Jules,Gherarducci,jgherarducci1c@addtoany.com,Male,91.96.168.27
50,Stefano,Foxley,sfoxley1d@unc.edu,Male,131.82.40.106
51,Jamima,Delahunty,jdelahunty1e@opera.com,Female,219.1.78.140
52,Stormy,Byers,sbyers1f@nsw.gov.au,Female,211.102.35.220
53,Lavena,Stendell,lstendell1g@storify.com,Female,16.239.23.59
54,Rollins,Lean,rlean1h@posterous.com,Male,3.7.221.13
55,Niko,Stempe,nstempe1i@howstuffworks.com,Male,14.156.182.134
56,Howie,Ansteys,hansteys1j@europa.eu,Non-binary,12.123.44.181
57,Marya,Anniwell,manniwell1k@ocn.ne.jp,Female,234.132.219.42
58,Adey,Di Napoli,adinapoli1l@mysql.com,Female,57.144.31.97
59,Justino,Sleath,jsleath1m@zimbio.com,Male,179.64.203.150
60,Isaak,Littleproud,ilittleproud1n@csmonitor.com,Male,222.133.188.202
61,Stewart,Sadler,ssadler1o@apache.org,Male,159.210.196.120
62,Ring,Allday,rallday1p@nature.com,Male,203.215.71.161
63,Ebenezer,Jaslem,ejaslem1q@paypal.com,Male,201.2.150.150
64,Chrisy,Cockcroft,ccockcroft1r@shareasale.com,Male,235.108.206.158
65,Florella,Flageul,fflageul1s@hp.com,Female,32.182.218.249
66,Belva,Vaney,bvaney1t@java.com,Female,170.34.221.226
67,Lucien,Kuhnwald,lkuhnwald1u@wiley.com,Male,155.208.159.74
68,Trace,Shingler,tshingler1v@ow.ly,Male,246.59.74.34
69,Aaron,Georghiou,ageorghiou1w@dyndns.org,Male,46.253.126.235
70,Evelin,Scougall,escougall1x@oaic.gov.au,Bigender,75.255.166.19
71,Cleon,Penwell,cpenwell1y@europa.eu,Male,1.232.239.63
72,Elayne,Stormonth,estormonth1z@squarespace.com,Female,145.179.14.203
73,Ned,Sickling,nsickling20@salon.com,Male,191.144.253.161
74,Cristina,Charopen,ccharopen21@w3.org,Bigender,158.235.137.18
75,Allen,Blasl,ablasl22@princeton.edu,Male,206.45.58.214
76,Libbi,Attiwill,lattiwill23@irs.gov,Female,85.150.143.117
77,Corene,Mullarkey,cmullarkey24@google.de,Female,136.255.156.250
78,Aindrea,Foottit,afoottit25@blogger.com,Genderqueer,134.230.216.44
79,Constantin,Gosby,cgosby26@joomla.org,Male,25.88.9.111
80,Bax,McKew,bmckew27@seattletimes.com,Male,44.126.38.112
81,Fowler,Joderli,fjoderli28@accuweather.com,Male,187.248.228.164
82,Julianna,Thireau,jthireau29@typepad.com,Female,97.136.144.117
83,Rosalia,Kearns,rkearns2a@xinhuanet.com,Female,250.128.53.157
84,Rivalee,Van der Velde,rvandervelde2b@msu.edu,Female,0.186.203.203
85,Stefan,Demer,sdemer2c@unicef.org,Male,147.106.69.212
86,Hamel,Czajka,hczajka2d@feedburner.com,Male,130.88.76.10
87,Valli,Huet,vhuet2e@live.com,Female,66.27.178.99
88,Mitchell,Gladhill,mgladhill2f@people.com.cn,Male,46.201.184.103
89,Fairleigh,Acuna,facuna2g@edublogs.org,Male,40.64.5.209
90,Ramon,Grishagin,rgrishagin2h@reuters.com,Male,16.78.200.129
91,Smith,Overil,soveril2i@cpanel.net,Male,241.225.83.252
92,Odo,Wainscot,owainscot2j@newyorker.com,Male,130.66.40.106
93,Amabelle,Maber,amaber2k@irs.gov,Female,0.244.109.161
94,Ethyl,Hailwood,ehailwood2l@alibaba.com,Female,52.239.220.223
95,Ulrick,Finch,ufinch2m@storify.com,Male,210.241.73.247
96,Wilden,Rickersy,wrickersy2n@nih.gov,Male,143.194.40.194
97,Aindrea,Rouke,arouke2o@unesco.org,Female,245.211.212.198
98,Franchot,Haslewood,fhaslewood2p@homestead.com,Male,168.170.183.242
99,Adair,Mendonca,amendonca2q@sogou.com,Male,210.138.151.113
100,Helsa,Drennan,hdrennan2r@vimeo.com,Female,173.90.86.217
101,Collete,Gee,cgee2s@oakley.com,Female,69.105.126.94
102,Myrtice,Klyn,mklyn2t@domainmarket.com,Female,160.236.218.182
103,Gianni,Worland,gworland2u@cocolog-nifty.com,Male,47.67.73.112
104,Carley,Guerriero,cguerriero2v@usatoday.com,Female,149.75.189.25
105,Kerk,Choppin,kchoppin2w@1und1.de,Male,84.153.49.153
106,Madelaine,McGaraghan,mmcgaraghan2x@cbsnews.com,Non-binary,162.115.7.16
107,Gaultiero,Servante,gservante2y@hostgator.com,Male,16.106.209.46
108,Moyna,Demeter,mdemeter2z@drupal.org,Female,53.25.96.161
109,Yancy,Tomas,ytomas30@irs.gov,Male,0.246.180.72
110,Maxy,Alennikov,malennikov31@home.pl,Male,219.77.163.188
111,Shani,Evans,sevans32@constantcontact.com,Female,238.33.158.19
112,Franz,Garie,fgarie33@cpanel.net,Male,146.79.66.114
113,Gloriane,Jollie,gjollie34@moonfruit.com,Female,57.44.123.51
114,Josselyn,Gibling,jgibling35@nsw.gov.au,Female,8.150.188.221
115,Sabine,Oldershaw,soldershaw36@multiply.com,Genderfluid,110.148.3.252
116,Dominique,Bransgrove,dbransgrove37@shop-pro.jp,Genderfluid,2.118.52.142
117,Gabriellia,Peasby,gpeasby38@miibeian.gov.cn,Genderqueer,150.230.151.64
118,Timmi,Danelut,tdanelut39@google.com.au,Genderfluid,2.84.9.61
119,Isis,Petel,ipetel3a@cbc.ca,Female,215.85.229.142
120,Ladonna,Le Prevost,lleprevost3b@baidu.com,Female,30.3.51.185
121,Allix,Shoulder,ashoulder3c@cbc.ca,Female,72.162.201.209
122,Boniface,Boulding,bboulding3d@merriam-webster.com,Male,217.131.92.176
123,Lanny,Vasyanin,lvasyanin3e@hatena.ne.jp,Genderfluid,199.81.40.212
124,Annadiana,Knok,aknok3f@about.me,Female,40.169.16.165
125,Raul,Roeby,rroeby3g@hp.com,Bigender,60.246.121.242
126,Rivalee,Sweet,rsweet3h@businessinsider.com,Female,205.96.126.180
127,Whitney,Millea,wmillea3i@smh.com.au,Male,102.234.130.222
128,Rosene,Trenbay,rtrenbay3j@weebly.com,Female,110.225.233.216
129,Rabbi,Pedrol,rpedrol3k@flavors.me,Male,104.12.219.70
130,Rudolph,McGerr,rmcgerr3l@bizjournals.com,Male,72.174.114.170
131,Skipp,Hook,shook3m@google.es,Male,88.5.124.91
132,Glenna,Gaisford,ggaisford3n@desdev.cn,Female,111.188.80.84
133,Eunice,Oaks,eoaks3o@berkeley.edu,Female,252.110.44.82
134,Dolores,Virgo,dvirgo3p@columbia.edu,Female,20.201.4.149
135,Roosevelt,Tregunnah,rtregunnah3q@toplist.cz,Male,11.98.153.63
136,Brooks,Anmore,banmore3r@umich.edu,Non-binary,171.187.60.106
137,Vida,Sherbrook,vsherbrook3s@mediafire.com,Female,86.201.124.181
138,Mack,Van den Hof,mvandenhof3t@google.com.br,Male,61.159.43.76
139,Perry,Edis,pedis3u@livejournal.com,Female,60.164.135.143
140,Petr,Scanderet,pscanderet3v@soup.io,Male,89.81.210.23
141,Oby,Garie,ogarie3w@un.org,Male,68.157.215.152
142,Judon,Edel,jedel3x@ask.com,Male,63.7.245.56
143,Jilli,Hugnet,jhugnet3y@studiopress.com,Female,134.34.102.155
144,Sherie,Gledhill,sgledhill3z@sbwire.com,Female,246.196.120.147
145,Barbee,Hegel,bhegel40@taobao.com,Female,76.190.207.120
146,Yancy,Cristoferi,ycristoferi41@booking.com,Male,67.36.216.196
147,Elora,Syrett,esyrett42@usnews.com,Agender,155.198.79.97
148,Izaak,Jurgenson,ijurgenson43@i2i.jp,Male,129.81.130.240
149,Sauveur,Allday,sallday44@qq.com,Male,34.128.126.197
150,Dianemarie,Unitt,dunitt45@g.co,Female,127.174.103.206
151,Noelyn,Spon,nspon46@wp.com,Female,131.196.28.217
152,Sandy,Dotterill,sdotterill47@marketwatch.com,Female,168.255.161.239
153,Manfred,Errigo,merrigo48@goo.ne.jp,Male,95.36.39.101
154,Mohandas,McGlue,mmcglue49@sourceforge.net,Polygender,15.135.187.216
155,Alden,Rubenovic,arubenovic4a@jugem.jp,Male,113.74.36.68
156,Stanleigh,Chazerand,schazerand4b@icio.us,Male,250.248.195.24
157,Celine,Beecham,cbeecham4c@arstechnica.com,Female,8.16.245.166
158,Arthur,Worrell,aworrell4d@ebay.co.uk,Genderfluid,10.87.137.41
159,Ulrick,Beddin,ubeddin4e@hostgator.com,Male,103.255.231.36
160,Mariann,Sirett,msirett4f@lulu.com,Female,95.1.28.223
161,Lorelei,Finlater,lfinlater4g@nps.gov,Female,232.255.150.4
162,Marcela,Batthew,mbatthew4h@cargocollective.com,Female,131.153.46.109
163,Reg,Sealy,rsealy4i@japanpost.jp,Male,59.170.59.174
164,Dur,Sigg,dsigg4j@tinyurl.com,Male,64.97.132.173
165,Carny,Whitnell,cwhitnell4k@ft.com,Male,80.65.245.172
166,Dehlia,Wadlow,dwadlow4l@sciencedaily.com,Female,208.70.250.8
167,Kerrill,McElwee,kmcelwee4m@businessweek.com,Female,85.60.118.18
168,Giustino,Wisden,gwisden4n@ucla.edu,Male,141.250.32.82
169,Peadar,Headingham,pheadingham4o@icio.us,Male,174.198.230.97
170,Linea,Float,lfloat4p@elegantthemes.com,Female,51.247.110.45
171,Troy,Sloey,tsloey4q@diigo.com,Genderfluid,89.83.129.66
172,Yule,Duplan,yduplan4r@umich.edu,Male,146.179.242.3
173,Genovera,O' Mullane,gomullane4s@omniture.com,Non-binary,101.98.72.250
174,Hanson,Farnaby,hfarnaby4t@skype.com,Male,230.249.173.245
175,Rochester,Shrieves,rshrieves4u@ucla.edu,Male,235.206.88.179
176,Britte,Yanin,byanin4v@ebay.com,Agender,143.181.146.186
177,Bjorn,Girdwood,bgirdwood4w@oracle.com,Male,240.58.44.148
178,Georges,Healks,ghealks4x@mysql.com,Male,121.166.144.255
179,Howard,Bansal,hbansal4y@geocities.jp,Male,132.52.27.34
180,Diandra,Mowen,dmowen4z@apple.com,Female,87.186.164.219
181,Golda,Aikenhead,gaikenhead50@blogger.com,Female,245.60.159.78
182,Ciro,McGroarty,cmcgroarty51@behance.net,Agender,100.162.132.61
183,Danya,Massot,dmassot52@blogger.com,Female,240.115.214.82
184,Erastus,Sirr,esirr53@eepurl.com,Male,204.137.247.89
185,Charmine,Blazek,cblazek54@google.nl,Female,206.127.179.205
186,Vivyanne,Whistan,vwhistan55@google.es,Female,35.49.175.103
187,Nixie,Saterthwait,nsaterthwait56@ucoz.ru,Genderfluid,86.36.54.24
188,Marcus,Burkin,mburkin57@themeforest.net,Male,76.21.0.212
189,Clementia,Pybworth,cpybworth58@bloomberg.com,Female,219.149.153.138
190,Neysa,Allicock,nallicock59@scribd.com,Female,23.76.95.200
191,Rachel,Pauling,rpauling5a@google.com.br,Genderfluid,211.88.19.14
192,Drucill,Riall,driall5b@fc2.com,Female,187.76.59.202
193,Garret,Tivolier,gtivolier5c@economist.com,Male,101.147.126.82
194,Courtney,Luquet,cluquet5d@unblog.fr,Female,246.28.112.146
195,Brandi,Spiniello,bspiniello5e@spotify.com,Female,44.7.143.54
196,Aldric,Sneezum,asneezum5f@ustream.tv,Male,99.14.63.116
197,Lucian,Comsty,lcomsty5g@ask.com,Male,10.244.91.193
198,Morganne,Jakubovits,mjakubovits5h@wiley.com,Female,10.111.113.144
199,Benedetto,Enterlein,benterlein5i@businessweek.com,Male,74.24.185.234
200,Valeda,Wyper,vwyper5j@sogou.com,Female,97.101.192.144
201,Jourdan,Droogan,jdroogan5k@walmart.com,Female,221.58.20.230
202,Jacquie,Restill,jrestill5l@rakuten.co.jp,Female,7.72.115.151
203,Tawsha,Layburn,tlayburn5m@nationalgeographic.com,Female,42.48.5.108
204,Kelly,Belliard,kbelliard5n@ihg.com,Male,159.167.124.206
205,Granny,Thomson,gthomson5o@canalblog.com,Male,238.94.200.93
206,Corny,Fothergill,cfothergill5p@yandex.ru,Female,49.251.255.161
207,Roseanna,Tooley,rtooley5q@globo.com,Female,36.191.118.195
208,Gratiana,Lampen,glampen5r@pinterest.com,Female,5.114.25.116
209,Obie,Soper,osoper5s@sfgate.com,Male,131.154.154.31
210,Merissa,Normaville,mnormaville5t@blogger.com,Female,232.79.66.43
211,Berti,Vick,bvick5u@ifeng.com,Female,100.10.13.19
212,Clive,Robecon,crobecon5v@geocities.com,Male,212.230.63.22
213,Gabi,Harries,gharries5w@whitehouse.gov,Female,54.180.154.12
214,Ruperta,Matashkin,rmatashkin5x@yelp.com,Female,16.37.137.92
215,Toddie,Saphin,tsaphin5y@nsw.gov.au,Male,30.123.81.169
216,Debora,Zupo,dzupo5z@bravesites.com,Female,185.86.177.107
217,Wilbur,Darlasson,wdarlasson60@home.pl,Male,64.230.179.58
218,Ethelind,Banes,ebanes61@mit.edu,Female,118.37.125.252
219,Kingsly,Robiou,krobiou62@plala.or.jp,Male,158.115.90.165
220,Laurence,Immins,limmins63@cpanel.net,Male,207.95.215.148
221,Tracy,Arnaldy,tarnaldy64@indiegogo.com,Male,143.15.144.246
222,Floyd,Calbreath,fcalbreath65@webs.com,Male,125.187.151.91
223,Torey,Beniesh,tbeniesh66@exblog.jp,Female,128.117.211.67
224,Natalee,Tett,ntett67@latimes.com,Female,105.36.227.122
225,Loren,Damato,ldamato68@berkeley.edu,Male,73.201.55.37
226,Pearle,Callis,pcallis69@google.com.au,Female,202.113.237.89
227,Haslett,Dargavel,hdargavel6a@hp.com,Male,243.47.126.167
228,Hamnet,Mably,hmably6b@bizjournals.com,Male,238.201.139.100
229,Morse,Midghall,mmidghall6c@java.com,Male,237.142.147.84
230,Ninnette,Larrington,nlarrington6d@pinterest.com,Female,191.43.208.134
231,Veronique,Gascard,vgascard6e@sun.com,Female,99.120.215.64
232,Gwenny,Trass,gtrass6f@4shared.com,Agender,237.34.96.99
233,Kristina,Paolone,kpaolone6g@accuweather.com,Female,210.234.54.37
234,Ludovico,Semkins,lsemkins6h@reddit.com,Male,103.90.19.167
235,Welbie,Sydall,wsydall6i@arizona.edu,Agender,130.11.63.17
236,Grannie,Bawme,gbawme6j@gov.uk,Male,41.19.155.135
237,Brnaby,Filkov,bfilkov6k@ebay.com,Male,69.234.194.77
238,Inglebert,Wims,iwims6l@goo.gl,Male,55.66.125.8
239,Donnie,Hellin,dhellin6m@nifty.com,Male,77.78.14.52
240,Elane,Morfield,emorfield6n@tripadvisor.com,Female,91.103.210.222
241,Kristy,Leyland,kleyland6o@marketwatch.com,Female,188.247.166.152
242,Ruperto,McColl,rmccoll6p@newyorker.com,Male,27.173.193.115
243,Marice,Filippi,mfilippi6q@arstechnica.com,Female,76.119.211.31
244,Benoit,Ambroz,bambroz6r@comsenz.com,Male,98.243.222.242
245,Brandy,Obert,bobert6s@cam.ac.uk,Male,68.136.61.116
246,Kelly,Ginity,kginity6t@theguardian.com,Male,116.19.102.229
247,Merwyn,Greswell,mgreswell6u@theatlantic.com,Male,180.242.227.72
248,Frants,Bacup,fbacup6v@alibaba.com,Male,67.171.125.104
249,Meara,Trotman,mtrotman6w@yahoo.co.jp,Female,52.135.26.27
250,Martie,Egglestone,megglestone6x@wikispaces.com,Male,103.234.147.22
251,Fanchon,Kubalek,fkubalek6y@cbc.ca,Female,47.166.47.36
252,Concettina,Wollrauch,cwollrauch6z@bigcartel.com,Female,165.232.41.233
253,Reginald,Colebourne,rcolebourne70@netlog.com,Agender,75.9.132.66
254,Lothario,Oglevie,loglevie71@angelfire.com,Male,222.173.1.54
255,Davidde,Adamsson,dadamsson72@webmd.com,Male,182.53.44.103
256,Inessa,Goulbourne,igoulbourne73@1688.com,Female,82.116.83.172
257,Danyelle,Kener,dkener74@abc.net.au,Female,251.253.98.194
258,Keelia,Van Vuuren,kvanvuuren75@so-net.ne.jp,Non-binary,111.132.111.60
259,Wyatan,Kubatsch,wkubatsch76@sciencedirect.com,Male,206.235.102.250
260,Kerrin,Frantzeni,kfrantzeni77@ed.gov,Female,77.188.78.187
261,Evonne,Angrock,eangrock78@booking.com,Female,215.102.169.207
262,Analise,Arnould,aarnould79@ihg.com,Female,111.53.18.150
263,Donovan,Harmes,dharmes7a@flickr.com,Male,84.59.176.236
264,Ronald,Wloch,rwloch7b@google.it,Male,216.62.234.183
265,Julee,Lammert,jlammert7c@mediafire.com,Non-binary,73.158.21.172
266,Iris,Nardrup,inardrup7d@jugem.jp,Female,32.252.171.129
267,Cecil,Beadnall,cbeadnall7e@shop-pro.jp,Male,223.156.156.60
268,Winne,Stodd,wstodd7f@yale.edu,Genderfluid,77.10.253.50
269,Tera,Bankes,tbankes7g@umich.edu,Female,39.26.67.198
270,Emmie,Cokayne,ecokayne7h@deviantart.com,Genderfluid,206.88.242.17
271,Theodora,Guise,tguise7i@reverbnation.com,Female,60.148.94.204
272,Grazia,Isacsson,gisacsson7j@live.com,Genderfluid,46.129.8.198
273,Chaunce,Walkinshaw,cwalkinshaw7k@vinaora.com,Male,255.220.5.219
274,Noel,Dodworth,ndodworth7l@answers.com,Male,43.87.171.177
275,Conrade,Hartshorn,chartshorn7m@macromedia.com,Male,52.99.185.44
276,Teodora,Fermoy,tfermoy7n@flickr.com,Female,94.40.63.137
277,Sonny,MacKellar,smackellar7o@sbwire.com,Female,136.216.3.227
278,Felicio,Daily,fdaily7p@myspace.com,Male,14.21.65.41
279,Gretta,Benedick,gbenedick7q@youtu.be,Female,157.209.167.56
280,Joelynn,Wapples,jwapples7r@bluehost.com,Female,43.66.35.225
281,Roxanna,Lilliman,rlilliman7s@wsj.com,Female,73.40.186.218
282,Clarette,Bakhrushin,cbakhrushin7t@sphinn.com,Female,168.207.136.211
283,Afton,Malbon,amalbon7u@newyorker.com,Female,203.15.239.14
284,Lefty,Dee,ldee7v@hhs.gov,Male,180.8.16.18
285,Janna,Mantione,jmantione7w@godaddy.com,Bigender,241.5.246.248
286,Annis,Hazleton,ahazleton7x@blogspot.com,Non-binary,210.162.192.228
287,Estelle,Perri,eperri7y@fastcompany.com,Female,204.130.125.20
288,Brnaba,Joret,bjoret7z@ca.gov,Male,138.10.98.251
289,Elga,MacSkeaghan,emacskeaghan80@loc.gov,Female,159.157.242.98
290,Gisella,Cumpton,gcumpton81@dailymail.co.uk,Genderfluid,31.131.24.232
291,Willette,Lenney,wlenney82@linkedin.com,Genderqueer,229.86.74.192
292,Mela,Stephens,mstephens83@canalblog.com,Female,70.141.71.185
293,Allegra,Petow,apetow84@dedecms.com,Female,160.238.113.92
294,Ethelbert,Pickance,epickance85@cnet.com,Male,113.52.45.231
295,Bax,Freestone,bfreestone86@fc2.com,Male,66.166.225.173
296,Erminie,Bartelot,ebartelot87@nhs.uk,Agender,154.246.80.166
297,Vito,Callington,vcallington88@bluehost.com,Male,218.126.189.175
298,Vivyan,Lamba,vlamba89@e-recht24.de,Non-binary,206.125.128.215
299,Marlow,Ericssen,mericssen8a@time.com,Male,186.225.95.37
300,Hestia,Rubbert,hrubbert8b@patch.com,Female,223.253.61.100
301,Ginnifer,Draude,gdraude8c@nydailynews.com,Female,73.145.255.4
302,Tisha,Gulliver,tgulliver8d@issuu.com,Female,234.233.222.196
303,Vinni,McWhirter,vmcwhirter8e@godaddy.com,Female,103.126.135.83
304,Odille,Ewell,oewell8f@upenn.edu,Female,163.188.183.234
305,Ban,Tassell,btassell8g@biblegateway.com,Male,107.255.20.211
306,Cinderella,Hudspeth,chudspeth8h@cpanel.net,Female,140.51.1.165
307,Leta,Dreinan,ldreinan8i@biglobe.ne.jp,Female,215.64.240.174
308,Ezechiel,Lerwill,elerwill8j@loc.gov,Male,103.222.195.60
309,Xerxes,Sandes,xsandes8k@eepurl.com,Male,172.83.79.234
310,Donaugh,Jell,djell8l@xing.com,Male,169.134.115.50
311,Lodovico,Lett,llett8m@istockphoto.com,Male,253.164.214.75
312,Herb,Boosey,hboosey8n@sakura.ne.jp,Male,96.9.193.90
313,Isaac,Scotts,iscotts8o@wordpress.com,Male,243.197.58.10
314,Dal,Leaver,dleaver8p@auda.org.au,Male,121.43.131.86
315,Cyndy,Morrad,cmorrad8q@amazon.co.uk,Female,191.128.223.172
316,Hazel,Goodsell,hgoodsell8r@barnesandnoble.com,Male,192.103.35.158
317,Iver,Cockram,icockram8s@nasa.gov,Male,178.243.116.145
318,Luelle,Castelletti,lcastelletti8t@google.it,Female,217.52.92.223
319,Worthy,Coughtrey,wcoughtrey8u@statcounter.com,Male,111.110.44.57
320,Marcelle,Pentland,mpentland8v@imageshack.us,Non-binary,170.129.71.45
321,Kleon,Nutley,knutley8w@ow.ly,Male,232.96.205.156
322,Terrance,Oseland,toseland8x@cbsnews.com,Male,69.82.247.161
323,Adam,Sievewright,asievewright8y@bravesites.com,Male,160.18.56.211
324,Gipsy,Gibson,ggibson8z@elegantthemes.com,Agender,100.187.22.121
325,Rosalie,Le Jean,rlejean90@examiner.com,Female,102.115.0.227
326,Jodi,Maylor,jmaylor91@prweb.com,Female,57.43.109.163
327,Sephira,Rope,srope92@networkadvertising.org,Female,10.37.55.220
328,Gradey,Stopp,gstopp93@unc.edu,Male,108.170.29.47
329,Ki,Stinchcombe,kstinchcombe94@dmoz.org,Female,27.4.205.5
330,Dav,Aimable,daimable95@de.vu,Male,82.246.189.31
331,Madison,Moverley,mmoverley96@spiegel.de,Male,113.7.68.25
332,Mel,Delany,mdelany97@desdev.cn,Female,130.79.156.197
333,Zacherie,Spier,zspier98@fc2.com,Male,36.245.77.115
334,Hew,Melliard,hmelliard99@fastcompany.com,Male,25.232.241.69
335,Hastings,Lillegard,hlillegard9a@whitehouse.gov,Male,113.75.109.76
336,Umberto,Kermeen,ukermeen9b@icq.com,Male,237.74.245.75
337,Jordon,Tregunna,jtregunna9c@gmpg.org,Male,10.69.19.111
338,Gawain,Renfree,grenfree9d@linkedin.com,Male,21.140.42.151
339,Thedrick,Cesco,tcesco9e@yahoo.co.jp,Male,75.150.199.73
340,Jerrilyn,Nelsey,jnelsey9f@omniture.com,Agender,110.237.220.29
341,Irving,Roggero,iroggero9g@toplist.cz,Male,90.174.223.141
342,Sheela,Cosans,scosans9h@shop-pro.jp,Female,200.89.33.11
343,Fairfax,Bhatia,fbhatia9i@webs.com,Genderfluid,107.215.217.89
344,Amandi,Menere,amenere9j@youtu.be,Female,242.214.94.245
345,Trudey,Vollam,tvollam9k@newyorker.com,Female,144.17.235.31
346,Nigel,January,njanuary9l@kickstarter.com,Male,96.235.177.208
347,Bunnie,Comiskey,bcomiskey9m@sohu.com,Female,220.164.242.98
348,Kiri,Heister,kheister9n@newyorker.com,Female,221.187.240.253
349,Loraine,Spadotto,lspadotto9o@imdb.com,Female,14.213.230.187
350,Carly,Bernard,cbernard9p@fotki.com,Female,175.139.169.13
351,Traver,Biggam,tbiggam9q@usa.gov,Male,202.229.116.62
352,Valentin,Keysall,vkeysall9r@hp.com,Male,178.136.4.249
353,Tana,Feenan,tfeenan9s@yandex.ru,Female,87.30.19.80
354,Mitchell,Geake,mgeake9t@tumblr.com,Male,224.189.122.161
355,Carlene,Izakoff,cizakoff9u@reverbnation.com,Female,96.8.235.196
356,Hammad,Itscovitz,hitscovitz9v@youtube.com,Male,199.29.179.116
357,Consuela,Scranny,cscranny9w@eventbrite.com,Female,4.125.45.120
358,Leonard,Linbohm,llinbohm9x@goo.ne.jp,Male,222.85.254.96
359,Nicolai,Japp,njapp9y@printfriendly.com,Male,187.55.55.49
360,Galvin,Payle,gpayle9z@goodreads.com,Male,61.209.140.103
361,Sargent,Fuidge,sfuidgea0@webnode.com,Genderqueer,191.157.152.42
362,Quent,Zima,qzimaa1@wix.com,Male,227.71.121.180
363,Lilias,D'Oyly,ldoylya2@home.pl,Female,1.171.113.124
364,Stephine,Woolvin,swoolvina3@uol.com.br,Female,164.171.95.196
365,Blondy,Addyman,baddymana4@blogs.com,Female,252.228.9.201
366,Kerri,Jursch,kjurscha5@boston.com,Female,154.135.202.128
367,Fitz,Bamber,fbambera6@ocn.ne.jp,Male,53.224.209.20
368,Aubrey,Warrior,awarriora7@sina.com.cn,Male,158.124.160.146
369,Abbott,Ennion,aenniona8@wikia.com,Male,197.84.185.225
370,Arlene,De Brett,adebretta9@cam.ac.uk,Female,2.134.159.193
371,Daphna,Conradsen,dconradsenaa@noaa.gov,Female,45.91.69.78
372,Janeczka,Mattiello,jmattielloab@mashable.com,Female,155.239.85.157
373,Flora,Server,fserverac@elpais.com,Polygender,156.175.236.58
374,Casie,Chadney,cchadneyad@sciencedirect.com,Female,175.146.201.215
375,Serena,Fardon,sfardonae@ow.ly,Female,247.42.229.87
376,Wylma,Willshear,wwillshearaf@storify.com,Female,180.166.157.107
377,Nana,Debold,ndeboldag@usa.gov,Female,73.83.78.0
378,Jessy,Kulas,jkulasah@bloglovin.com,Female,175.168.202.194
379,Darryl,Eddoes,deddoesai@themeforest.net,Female,205.92.110.14
380,Jobie,Carse,jcarseaj@cornell.edu,Female,97.7.232.174
381,Dehlia,Pinxton,dpinxtonak@state.gov,Female,202.186.251.215
382,Evita,Falshaw,efalshawal@barnesandnoble.com,Female,55.116.29.80
383,Dewey,Jakubowicz,djakubowiczam@yandex.ru,Male,130.18.170.88
384,Juliann,Flatt,jflattan@buzzfeed.com,Female,46.17.0.226
385,Sonny,Spondley,sspondleyao@irs.gov,Male,21.233.166.155
386,Thurston,Suttell,tsuttellap@imgur.com,Male,163.96.141.95
387,Martino,Hudspith,mhudspithaq@youtu.be,Male,214.170.184.21
388,Derk,Tanman,dtanmanar@furl.net,Male,94.252.253.245
389,Stefanie,Maase,smaaseas@gov.uk,Female,141.126.7.172
390,Alexi,Storrar,astorrarat@ucoz.com,Female,217.185.82.38
391,Cherilyn,Gulland,cgullandau@mtv.com,Female,225.135.204.41
392,Stacia,Fallanche,sfallancheav@edublogs.org,Female,201.211.53.127
393,Moses,Perez,mperezaw@livejournal.com,Male,177.157.218.30
394,Merill,Mulles,mmullesax@google.ru,Male,216.226.151.91
395,Merwyn,Clew,mcleway@joomla.org,Male,250.69.184.145
396,Frederique,Mennear,fmennearaz@jiathis.com,Non-binary,239.116.92.36
397,Lula,Hebborne,lhebborneb0@google.com.au,Female,188.157.197.32
398,Beryle,Abbs,babbsb1@so-net.ne.jp,Female,143.161.205.43
399,Joe,Layborn,jlaybornb2@wix.com,Male,249.18.117.47
400,Sioux,Botger,sbotgerb3@gravatar.com,Female,145.18.42.7
401,Mylo,Warsop,mwarsopb4@fastcompany.com,Male,74.7.253.76
402,Shae,Rootes,srootesb5@sbwire.com,Female,110.119.154.241
403,Tanny,Spellessy,tspellessyb6@ihg.com,Polygender,185.19.76.235
404,Georgeanna,Oxenden,goxendenb7@si.edu,Female,176.71.254.76
405,Winni,Decroix,wdecroixb8@fastcompany.com,Bigender,112.209.211.190
406,Corella,Jandourek,cjandourekb9@webeden.co.uk,Non-binary,141.59.217.247
407,Mil,Salvatore,msalvatoreba@dell.com,Female,127.105.43.162
408,Rey,Barson,rbarsonbb@shareasale.com,Female,241.50.170.218
409,Adlai,Selwyne,aselwynebc@liveinternet.ru,Genderqueer,246.0.246.33
410,Gasparo,Weale,gwealebd@paypal.com,Male,213.104.100.197
411,Esra,Martinek,emartinekbe@vk.com,Male,247.94.135.141
412,Garrott,Cleaveland,gcleavelandbf@accuweather.com,Male,130.27.130.87
413,Nehemiah,Smyley,nsmyleybg@is.gd,Male,184.78.235.216
414,Horten,Beaby,hbeabybh@phpbb.com,Male,199.201.114.101
415,Gunner,Mineghelli,gmineghellibi@ebay.co.uk,Genderfluid,15.210.217.112
416,Stanly,Klimochkin,sklimochkinbj@topsy.com,Male,82.157.193.155
417,Bary,Burrells,bburrellsbk@github.io,Male,171.197.74.17
418,Alard,Duthy,aduthybl@house.gov,Male,63.101.243.204
419,Daniella,Wolfit,dwolfitbm@ifeng.com,Female,74.14.157.245
420,Fraser,Jaram,fjarambn@cbsnews.com,Male,98.122.196.220
421,Elayne,Kings,ekingsbo@fotki.com,Female,245.215.232.4
422,Mahalia,Mc Trusty,mmctrustybp@exblog.jp,Bigender,152.153.190.64
423,Mikkel,Lacrouts,mlacroutsbq@stumbleupon.com,Male,233.237.50.24
424,Bengt,Truman,btrumanbr@purevolume.com,Male,109.105.31.206
425,Elita,Lease,eleasebs@ucoz.com,Female,9.240.172.23
426,Devlin,Siggens,dsiggensbt@sakura.ne.jp,Male,150.223.100.131
427,Arin,Concklin,aconcklinbu@delicious.com,Male,164.45.153.249
428,Irma,Adney,iadneybv@scribd.com,Genderqueer,221.48.142.37
429,Osborne,Daffey,odaffeybw@wufoo.com,Male,118.4.202.25
430,Latrena,Rookesby,lrookesbybx@tiny.cc,Genderqueer,243.137.93.91
431,Arv,Kroll,akrollby@dedecms.com,Male,160.80.13.205
432,Alford,Connop,aconnopbz@bbc.co.uk,Male,26.211.128.241
433,Kipp,Sawtell,ksawtellc0@addthis.com,Male,3.133.38.247
434,Jermayne,Masser,jmasserc1@pbs.org,Male,30.65.220.204
435,Retha,Arrandale,rarrandalec2@blogspot.com,Female,242.75.34.8
436,Rhody,Brookfield,rbrookfieldc3@4shared.com,Female,143.96.151.166
437,Hasty,Gerasch,hgeraschc4@xrea.com,Male,231.213.124.69
438,Goldie,Janoschek,gjanoschekc5@mapy.cz,Female,230.158.202.148
439,Tammara,Warn,twarnc6@senate.gov,Bigender,13.2.206.0
440,Rebeka,Strutt,rstruttc7@sitemeter.com,Female,1.89.55.124
441,Lilly,Bolwell,lbolwellc8@google.com.au,Female,15.245.202.9
442,Teirtza,Withringten,twithringtenc9@noaa.gov,Female,232.25.66.189
443,Sophia,Ribbon,sribbonca@nature.com,Female,218.108.249.127
444,Kyla,Crowder,kcrowdercb@so-net.ne.jp,Female,243.200.230.41
445,Izabel,Blackesland,iblackeslandcc@moonfruit.com,Female,9.121.160.212
446,Levon,Le land,llelandcd@1688.com,Male,35.250.48.82
447,Nathanael,Britt,nbrittce@npr.org,Male,81.186.186.192
448,Emmi,Johnes,ejohnescf@cnet.com,Female,155.80.152.207
449,Sybil,Lott,slottcg@exblog.jp,Female,14.224.114.143
450,Kial,Corselles,kcorsellesch@sohu.com,Female,84.30.183.200
451,Andrew,Husher,ahusherci@homestead.com,Male,237.139.50.127
452,Kenny,Lamperti,klamperticj@google.co.jp,Male,228.37.30.143
453,Carlene,Bompass,cbompassck@yolasite.com,Female,190.122.215.214
454,Magdaia,Druett,mdruettcl@virginia.edu,Agender,11.200.19.228
455,Chaim,Ceeley,cceeleycm@sina.com.cn,Male,155.137.4.225
456,Thorstein,Clemenzi,tclemenzicn@youtu.be,Male,177.214.222.66
457,Ganny,Josskowitz,gjosskowitzco@reference.com,Male,37.22.81.246
458,Puff,Plumer,pplumercp@umn.edu,Male,81.159.44.5
459,Valma,Liversedge,vliversedgecq@timesonline.co.uk,Female,4.100.147.253
460,August,Dillway,adillwaycr@newsvine.com,Genderqueer,156.169.152.151
461,Padraig,Ducker,pduckercs@nsw.gov.au,Male,249.156.148.91
462,Billi,Garces,bgarcesct@meetup.com,Female,56.35.249.219
463,Colver,Lyddy,clyddycu@skype.com,Male,179.127.59.22
464,Gates,McClaurie,gmcclauriecv@china.com.cn,Female,11.0.219.66
465,Ermengarde,Chislett,echislettcw@webeden.co.uk,Female,44.11.156.7
466,Thomasina,Mullany,tmullanycx@mediafire.com,Female,150.209.33.105
467,Deeann,Raund,draundcy@gmpg.org,Female,244.129.118.82
468,Stacee,Acedo,sacedocz@homestead.com,Male,82.15.235.133
469,Micki,Meneux,mmeneuxd0@slate.com,Female,37.173.110.249
470,Walt,Rowter,wrowterd1@devhub.com,Male,14.122.210.130
471,Gav,Hulstrom,ghulstromd2@simplemachines.org,Male,36.71.234.50
472,Meaghan,Spiller,mspillerd3@netlog.com,Female,239.153.72.242
473,Lynde,Branscombe,lbranscombed4@opensource.org,Female,234.224.229.246
474,Elga,Folkerts,efolkertsd5@latimes.com,Female,45.135.232.80
475,Nikolia,Bason,nbasond6@geocities.com,Female,64.6.17.199
476,Astrix,Bawle,abawled7@ox.ac.uk,Female,111.204.113.54
477,Ollie,Burder,oburderd8@ocn.ne.jp,Female,142.22.27.91
478,Silvia,Ivankov,sivankovd9@google.pl,Female,177.7.216.224
479,Jephthah,Cluet,jcluetda@phpbb.com,Male,254.63.128.143
480,Dara,Janauschek,djanauschekdb@networkadvertising.org,Female,27.58.112.80
481,Deeyn,Mattinson,dmattinsondc@jalbum.net,Female,200.128.216.88
482,Maressa,Benettini,mbenettinidd@dagondesign.com,Female,119.121.61.184
483,Prisca,Tupman,ptupmande@google.com.au,Female,38.4.110.170
484,Bard,Menichini,bmenichinidf@usgs.gov,Male,146.74.243.182
485,Daffie,Antat,dantatdg@rakuten.co.jp,Female,103.143.79.89
486,Philip,Tatum,ptatumdh@upenn.edu,Male,149.112.237.218
487,Yvon,Ingledew,yingledewdi@free.fr,Male,9.117.53.218
488,Porty,Nerney,pnerneydj@reference.com,Male,86.21.241.92
489,Perceval,Tansey,ptanseydk@infoseek.co.jp,Male,186.33.251.77
490,Morris,Gerriet,mgerrietdl@wp.com,Male,221.207.167.186
491,Emmeline,Pietrowski,epietrowskidm@prlog.org,Female,163.53.173.168
492,Cass,Chaudhry,cchaudhrydn@theguardian.com,Male,57.249.31.243
493,Dasha,Johantges,djohantgesdo@google.ca,Female,226.241.94.49
494,Mercedes,Claasen,mclaasendp@spiegel.de,Female,159.227.230.82
495,Doro,Ghiraldi,dghiraldidq@hexun.com,Female,106.49.37.152
496,Jenica,Mainson,jmainsondr@cdbaby.com,Non-binary,95.165.133.0
497,Diego,Tolmie,dtolmieds@godaddy.com,Non-binary,246.254.100.51
498,Tyson,Gligorijevic,tgligorijevicdt@nationalgeographic.com,Male,76.16.163.186
499,Royce,Place,rplacedu@live.com,Male,97.115.141.251
500,Aidan,Caghy,acaghydv@over-blog.com,Female,108.33.251.20
501,Bernhard,Swanson,bswansondw@businessweek.com,Male,232.213.92.63
502,Matilda,Pudge,mpudgedx@google.es,Female,205.245.219.233
503,Candy,Bristoe,cbristoedy@oaic.gov.au,Polygender,180.103.125.24
504,Gino,Litherborough,glitherboroughdz@twitter.com,Male,80.7.183.198
505,Randee,Cutmare,rcutmaree0@salon.com,Female,223.71.152.199
506,Maure,Reese,mreesee1@zdnet.com,Female,62.36.146.67
507,Geno,Vertey,gverteye2@dion.ne.jp,Male,29.37.36.86
508,Harald,Stanion,hstanione3@weather.com,Male,93.162.245.178
509,Maia,Cosh,mcoshe4@eepurl.com,Female,74.105.56.32
510,Hephzibah,Bartram,hbartrame5@nasa.gov,Female,70.160.146.87
511,Chloette,Gristhwaite,cgristhwaitee6@elegantthemes.com,Female,101.34.102.67
512,Jasmin,MacAlinden,jmacalindene7@buzzfeed.com,Female,16.169.135.125
513,Elvira,Downe,edownee8@howstuffworks.com,Female,31.147.34.87
514,Marjie,Orta,mortae9@aol.com,Female,70.143.25.149
515,Marsiella,Keaton,mkeatonea@yandex.ru,Female,99.131.82.21
516,Daniella,Hellyar,dhellyareb@bloglines.com,Female,208.189.33.81
517,Yule,MacNelly,ymacnellyec@tinypic.com,Male,178.67.53.124
518,Carter,Legendre,clegendreed@csmonitor.com,Male,47.242.160.129
519,Earvin,Rosone,erosoneee@ning.com,Male,42.25.211.166
520,Biron,Cisland,bcislandef@harvard.edu,Male,140.34.133.70
521,Noby,LeEstut,nleestuteg@umn.edu,Male,166.155.249.31
522,Aundrea,Froment,afromenteh@yale.edu,Female,152.216.232.194
523,Gwenni,Corwin,gcorwinei@reuters.com,Female,223.10.219.33
524,Adrienne,Uff,auffej@cargocollective.com,Female,123.8.3.212
525,Normand,Dumblton,ndumbltonek@blog.com,Male,197.216.127.33
526,Carin,Retallick,cretallickel@sogou.com,Female,226.167.54.197
527,Rab,Loveland,rlovelandem@sfgate.com,Male,197.122.40.129
528,Sheff,Gatheral,sgatheralen@oaic.gov.au,Male,166.69.211.21
529,Donica,Gedling,dgedlingeo@weather.com,Female,82.220.251.200
530,Constantina,Godfray,cgodfrayep@nydailynews.com,Non-binary,137.23.215.160
531,Vincent,Urridge,vurridgeeq@g.co,Male,43.88.126.165
532,Darby,Dennerley,ddennerleyer@webeden.co.uk,Male,72.206.59.229
533,Alfy,Hockell,ahockelles@unblog.fr,Male,194.240.89.34
534,Karel,Truder,ktruderet@ucla.edu,Male,233.35.90.23
535,Venita,Taphouse,vtaphouseeu@phpbb.com,Female,201.21.124.157
536,Joelynn,O' Mulderrig,jomulderrigev@army.mil,Female,75.189.9.107
537,Jethro,Sipson,jsipsonew@who.int,Male,18.48.78.78
538,Sacha,Dedon,sdedonex@freewebs.com,Female,168.53.27.162
539,Sheelagh,Swinn,sswinney@ask.com,Bigender,213.83.124.237
540,Crichton,Rignall,crignallez@infoseek.co.jp,Male,208.137.98.181
541,Reina,Tottman,rtottmanf0@mlb.com,Female,185.22.121.6
542,Berke,Downing,bdowningf1@reference.com,Male,41.186.98.119
543,Bink,Bottinelli,bbottinellif2@huffingtonpost.com,Male,184.22.83.121
544,Collete,Baytrop,cbaytropf3@qq.com,Female,20.169.153.87
545,Carolyne,Ploughwright,cploughwrightf4@businesswire.com,Female,50.160.59.143
546,Raimondo,Barwick,rbarwickf5@deliciousdays.com,Male,224.96.24.75
547,Merl,Carsberg,mcarsbergf6@blogs.com,Female,204.155.116.46
548,Burnard,Overton,bovertonf7@naver.com,Male,48.187.234.35
549,Nona,Eggleson,negglesonf8@devhub.com,Female,7.214.161.236
550,Enrico,Bahike,ebahikef9@prweb.com,Male,79.254.242.33
551,Bernadene,Schwand,bschwandfa@washington.edu,Female,189.244.195.157
552,Anallise,Korneev,akorneevfb@ed.gov,Female,50.155.200.166
553,Nolana,Rafferty,nraffertyfc@wsj.com,Polygender,75.50.248.39
554,Brier,Simyson,bsimysonfd@sbwire.com,Female,15.4.150.79
555,Esme,MacGebenay,emacgebenayfe@illinois.edu,Female,172.3.224.114
556,Consuela,Child,cchildff@cmu.edu,Female,121.172.46.32
557,Scarlet,Mattioli,smattiolifg@un.org,Female,120.73.153.195
558,Sari,Vankin,svankinfh@dropbox.com,Female,26.27.205.50
559,Demetre,Lyons,dlyonsfi@elpais.com,Male,49.179.46.1
560,Camille,Leedal,cleedalfj@1und1.de,Female,241.202.130.53
561,Weylin,Airlie,wairliefk@w3.org,Male,92.97.145.165
562,Phillipp,Amos,pamosfl@tuttocitta.it,Male,107.86.96.237
563,Maud,Stigers,mstigersfm@nps.gov,Female,156.85.129.44
564,Ripley,Cornelleau,rcornelleaufn@about.com,Agender,54.109.20.145
565,Parke,Connah,pconnahfo@dedecms.com,Male,232.25.161.127
566,Gwendolyn,Bannell,gbannellfp@cbsnews.com,Female,101.90.226.140
567,Erasmus,Farndon,efarndonfq@alibaba.com,Male,19.37.106.76
568,Yvon,Mackelworth,ymackelworthfr@tiny.cc,Male,159.2.95.166
569,Staffard,Diboll,sdibollfs@tinyurl.com,Male,81.148.132.82
570,Ikey,Keelin,ikeelinft@imdb.com,Male,124.39.189.38
571,Talbert,Brauns,tbraunsfu@mapy.cz,Male,117.214.178.140
572,Killie,Szantho,kszanthofv@rediff.com,Male,193.214.28.183
573,Bambie,Torrecilla,btorrecillafw@webmd.com,Polygender,31.99.136.108
574,Trace,Goshawke,tgoshawkefx@amazon.com,Male,175.142.34.102
575,Dacia,Vasilyonok,dvasilyonokfy@linkedin.com,Female,144.95.100.59
576,Almira,Reaman,areamanfz@i2i.jp,Female,7.91.234.29
577,Roshelle,Kembry,rkembryg0@histats.com,Female,108.8.251.49
578,Carlotta,Aisman,caismang1@google.com.hk,Female,185.185.74.18
579,Kevan,Castangia,kcastangiag2@wikispaces.com,Male,243.62.212.251
580,Nial,Fesby,nfesbyg3@epa.gov,Male,83.210.24.46
581,Candi,Duckerin,cduckering4@de.vu,Female,122.28.223.124
582,Sanson,Bensley,sbensleyg5@epa.gov,Male,128.107.203.152
583,Calida,Pidwell,cpidwellg6@ustream.tv,Agender,52.142.129.233
584,Tanney,Whitlaw,twhitlawg7@com.com,Male,190.119.21.153
585,King,Churches,kchurchesg8@ebay.com,Male,197.216.221.8
586,Lucius,Chaundy,lchaundyg9@tripod.com,Male,199.173.114.129
587,Kenon,Petrus,kpetrusga@hostgator.com,Male,218.180.1.158
588,Ferdinande,Paylie,fpayliegb@github.io,Female,232.105.30.187
589,Jeff,Yushkin,jyushkingc@digg.com,Male,209.164.45.187
590,Katharyn,Loosley,kloosleygd@sohu.com,Genderqueer,39.207.153.240
591,Rena,MacLise,rmaclisege@alibaba.com,Female,65.140.214.131
592,Essie,Matonin,ematoningf@state.tx.us,Female,192.111.193.146
593,Jemmy,Salvin,jsalvingg@loc.gov,Female,9.73.131.65
594,Annis,Currm,acurrmgh@eepurl.com,Female,93.42.17.78
595,Faydra,Yakob,fyakobgi@china.com.cn,Female,27.254.232.148
596,Maynard,Irnis,mirnisgj@wordpress.org,Male,54.102.254.49
597,Else,Pretsel,epretselgk@oakley.com,Female,179.106.52.106
598,Jewell,Brinson,jbrinsongl@google.pl,Female,247.97.156.222
599,Claus,Goddard,cgoddardgm@instagram.com,Male,248.21.151.135
600,Franz,Ledger,fledgergn@privacy.gov.au,Male,193.156.105.26
601,Talbert,Strongman,tstrongmango@wiley.com,Male,30.153.183.46
602,Vladimir,Duddridge,vduddridgegp@xrea.com,Male,125.250.138.69
603,Jessa,Bremond,jbremondgq@prlog.org,Female,173.14.176.23
604,Witty,Samuels,wsamuelsgr@behance.net,Male,14.235.87.208
605,Pietrek,Bradd,pbraddgs@simplemachines.org,Male,20.13.23.95
606,Stormi,Larraway,slarrawaygt@theglobeandmail.com,Female,228.156.58.17
607,Tammi,Brunker,tbrunkergu@gmpg.org,Female,186.132.173.72
608,Abraham,Carde,acardegv@washington.edu,Male,159.118.113.22
609,Maximilien,Loisi,mloisigw@apple.com,Male,48.153.129.10
610,Meghann,Twiname,mtwinamegx@cdc.gov,Female,157.229.221.71
611,Joceline,Hansmann,jhansmanngy@livejournal.com,Female,170.64.131.29
612,Emmey,Wilber,ewilbergz@joomla.org,Female,30.37.4.166
613,Abbi,Ethersey,aetherseyh0@ucoz.ru,Female,65.39.248.112
614,Consuelo,Gearing,cgearingh1@alibaba.com,Female,16.1.163.227
615,Pattin,Autry,pautryh2@google.cn,Male,229.172.45.51
616,Reider,Chawner,rchawnerh3@fastcompany.com,Male,211.236.215.223
617,Alena,Feben,afebenh4@nydailynews.com,Female,184.155.47.57
618,Matt,Guiu,mguiuh5@parallels.com,Male,177.7.130.195
619,Madison,Dilworth,mdilworthh6@dmoz.org,Male,71.190.16.3
620,Ulrika,Barter,ubarterh7@uiuc.edu,Female,54.16.147.122
621,Jany,Boodle,jboodleh8@nbcnews.com,Female,54.40.79.248
622,Clare,Bernardotti,cbernardottih9@wix.com,Male,68.31.252.12
623,Margarita,Hains,mhainsha@usgs.gov,Female,233.22.75.246
624,Berne,Matula,bmatulahb@ifeng.com,Male,51.93.209.11
625,Florry,Wohler,fwohlerhc@rambler.ru,Female,158.252.80.52
626,Kata,Nolte,knoltehd@si.edu,Female,230.145.97.117
627,Gizela,La Grange,glagrangehe@addtoany.com,Female,99.120.55.70
628,Giovanni,Munday,gmundayhf@tuttocitta.it,Male,201.44.184.64
629,Talbert,McQuarter,tmcquarterhg@a8.net,Male,117.250.13.31
630,Rees,Gerrey,rgerreyhh@marketwatch.com,Male,80.202.171.127
631,Robyn,Fluit,rfluithi@wufoo.com,Female,60.97.145.60
632,Mordy,Cleyburn,mcleyburnhj@ted.com,Male,253.154.184.48
633,Karola,Housecraft,khousecrafthk@elegantthemes.com,Female,222.141.64.57
634,Amanda,Church,achurchhl@hao123.com,Female,141.192.242.190
635,Hildegarde,Dran,hdranhm@usgs.gov,Female,53.146.246.8
636,Gabby,Lamacraft,glamacrafthn@stanford.edu,Male,2.153.130.122
637,Mignon,Palmby,mpalmbyho@netlog.com,Female,49.231.216.53
638,Renae,Landre,rlandrehp@google.cn,Female,253.101.65.103
639,Malcolm,Lamputt,mlamputthq@nbcnews.com,Genderqueer,140.63.33.100
640,Cass,Kennham,ckennhamhr@imgur.com,Male,237.242.159.177
641,Julian,Burdfield,jburdfieldhs@geocities.jp,Male,144.215.253.137
642,Aarika,Kelling,akellinght@geocities.com,Genderqueer,110.83.91.2
643,Jon,Casine,jcasinehu@ox.ac.uk,Male,49.163.56.5
644,Randi,Bantham,rbanthamhv@sciencedaily.com,Male,168.254.244.149
645,Trix,Vasyutkin,tvasyutkinhw@gmpg.org,Female,196.196.11.126
646,Hollis,Franciotti,hfranciottihx@cornell.edu,Male,237.229.75.214
647,Em,Renvoys,erenvoyshy@networksolutions.com,Female,50.245.38.108
648,Erik,Cardillo,ecardillohz@netlog.com,Male,204.100.125.100
649,Juan,Linfield,jlinfieldi0@mapquest.com,Male,40.125.6.197
650,Karine,Slight,kslighti1@tripod.com,Female,19.122.106.188
651,Tara,Reynoollds,treynoolldsi2@usatoday.com,Female,158.16.151.205
652,Tammara,Di Carlo,tdicarloi3@exblog.jp,Female,54.61.240.195
653,Euell,Santino,esantinoi4@howstuffworks.com,Male,201.175.67.39
654,Gabbie,Elliott,gelliotti5@quantcast.com,Male,192.238.148.199
655,Wynny,Maingot,wmaingoti6@lulu.com,Female,213.211.225.50
656,Jen,Bridgewood,jbridgewoodi7@e-recht24.de,Female,205.143.41.252
657,Aaron,Scase,ascasei8@qq.com,Male,52.148.115.220
658,Perla,Croson,pcrosoni9@sina.com.cn,Female,203.73.58.193
659,Lorena,De la Harpe,ldelaharpeia@epa.gov,Female,122.106.167.102
660,Maximo,Sousa,msousaib@ca.gov,Male,190.160.168.161
661,Mireille,Vannikov,mvannikovic@uiuc.edu,Female,50.255.15.23
662,Carolee,Glassborow,cglassborowid@qq.com,Female,67.187.211.163
663,Rebekah,Hellmer,rhellmerie@google.it,Female,1.216.89.170
664,Ringo,Nisard,rnisardif@ameblo.jp,Male,232.95.5.245
665,Paolina,Cunio,pcunioig@cafepress.com,Female,155.114.220.150
666,Stanleigh,Furnell,sfurnellih@themeforest.net,Male,215.119.82.57
667,Bale,Torel,btorelii@hud.gov,Male,60.213.68.158
668,Olag,Laye,olayeij@statcounter.com,Male,157.45.163.43
669,Hollis,La Padula,hlapadulaik@cornell.edu,Male,150.123.232.80
670,Torrin,Holdren,tholdrenil@examiner.com,Male,92.130.248.57
671,Fina,Le Hucquet,flehucquetim@utexas.edu,Female,210.184.243.252
672,Mendel,Beneix,mbeneixin@freewebs.com,Non-binary,161.123.242.83
673,Farah,Simmonett,fsimmonettio@indiatimes.com,Female,218.24.51.143
674,Koren,Crowcum,kcrowcumip@alibaba.com,Female,60.36.169.202
675,Gilemette,Gridon,ggridoniq@hatena.ne.jp,Female,241.235.9.63
676,Emmi,Sailer,esailerir@jigsy.com,Female,73.169.78.114
677,Kale,O'Fallowne,kofallowneis@sina.com.cn,Male,246.133.68.25
678,Fanechka,Littley,flittleyit@wufoo.com,Female,37.36.115.43
679,Ewen,Targett,etargettiu@imdb.com,Male,48.110.56.212
680,Adara,Blunkett,ablunkettiv@wordpress.com,Female,177.2.155.252
681,Lillis,Trevarthen,ltrevartheniw@army.mil,Female,200.51.182.78
682,Karlen,Jeandel,kjeandelix@elpais.com,Female,78.212.147.140
683,Mile,Abdey,mabdeyiy@miibeian.gov.cn,Male,223.105.201.156
684,Chico,Josse,cjosseiz@indiegogo.com,Polygender,39.198.141.180
685,Noland,Broxis,nbroxisj0@discuz.net,Male,214.218.13.130
686,Storm,Rowen,srowenj1@lycos.com,Female,143.132.138.194
687,Martie,Prati,mpratij2@weibo.com,Male,142.65.16.29
688,Elnora,Pridgeon,epridgeonj3@nifty.com,Female,183.246.47.163
689,Corabel,Labrenz,clabrenzj4@wiley.com,Female,127.106.201.207
690,Patin,Mapother,pmapotherj5@uol.com.br,Male,138.120.78.217
691,Bartholomeus,Ropert,bropertj6@naver.com,Male,86.170.67.40
692,Doloritas,Barendtsen,dbarendtsenj7@rakuten.co.jp,Female,37.123.58.101
693,Gael,Delea,gdeleaj8@digg.com,Female,94.155.190.212
694,Andreas,Jersch,ajerschj9@php.net,Male,201.151.186.86
695,Judas,Duffil,jduffilja@nytimes.com,Male,108.111.54.186
696,Nikki,Rahl,nrahljb@lycos.com,Female,194.72.212.229
697,Gerrie,Lyster,glysterjc@trellian.com,Female,9.9.16.185
698,Hamlin,Huddart,hhuddartjd@facebook.com,Male,226.81.215.88
699,Bathsheba,Osipenko,bosipenkoje@vinaora.com,Female,179.92.213.46
700,Tiena,Quantrill,tquantrilljf@nhs.uk,Female,167.94.242.0
701,Hinze,Armytage,harmytagejg@mail.ru,Male,41.63.228.225
702,Nerta,O'Dea,nodeajh@ovh.net,Female,121.131.205.164
703,Clarke,Ipgrave,cipgraveji@cnn.com,Male,116.26.37.132
704,Willie,Haysman,whaysmanjj@friendfeed.com,Male,165.103.8.199
705,Ginelle,Carnachen,gcarnachenjk@sakura.ne.jp,Genderqueer,128.130.86.146
706,Frederick,Irwin,firwinjl@home.pl,Male,95.71.96.39
707,Swen,Brotherheed,sbrotherheedjm@photobucket.com,Male,154.127.175.180
708,Jaimie,Henstridge,jhenstridgejn@about.me,Female,189.53.139.167
709,Lindsay,Medlicott,lmedlicottjo@bluehost.com,Female,225.223.87.188
710,Filia,Etherington,fetheringtonjp@shareasale.com,Female,185.12.231.3
711,Brandy,Warbys,bwarbysjq@time.com,Male,112.143.69.141
712,Smith,Wyldbore,swyldborejr@51.la,Male,26.178.111.94
713,Reggie,Fennelow,rfennelowjs@blinklist.com,Genderqueer,55.181.44.198
714,Lynnette,Berrow,lberrowjt@4shared.com,Female,183.104.121.57
715,Jacklin,Dearsley,jdearsleyju@marriott.com,Female,20.104.85.206
716,Alwyn,MacAlister,amacalisterjv@sogou.com,Male,220.33.39.245
717,Charlotte,Cornwell,ccornwelljw@godaddy.com,Female,13.113.18.19
718,Ulysses,Barneville,ubarnevillejx@cdbaby.com,Male,102.106.55.76
719,Ronnica,Ortner,rortnerjy@cdc.gov,Female,32.207.196.10
720,Jenilee,Cordy,jcordyjz@webeden.co.uk,Female,212.92.36.196
721,Gilberta,Osgodby,gosgodbyk0@buzzfeed.com,Female,5.187.131.100
722,Rowe,Battaille,rbattaillek1@intel.com,Female,2.234.85.29
723,Delinda,Dawidowsky,ddawidowskyk2@home.pl,Female,101.163.12.69
724,Sharity,Wardhaw,swardhawk3@google.es,Genderfluid,122.53.249.17
725,Daron,Clail,dclailk4@earthlink.net,Female,100.212.160.138
726,Sherwin,Swyne,sswynek5@purevolume.com,Male,135.50.35.12
727,Finlay,Lount,flountk6@house.gov,Male,67.226.3.121
728,Annecorinne,Malimoe,amalimoek7@chron.com,Female,71.233.172.109
729,Shannah,Remmer,sremmerk8@go.com,Female,242.123.223.220
730,Hinze,Rait,hraitk9@xinhuanet.com,Male,126.181.92.72
731,Webb,Camies,wcamieska@tinyurl.com,Male,43.19.192.243
732,Fairfax,Leades,fleadeskb@weather.com,Male,47.142.62.95
733,Florie,Doogan,fdoogankc@foxnews.com,Female,181.116.163.123
734,Jeremie,Scopyn,jscopynkd@123-reg.co.uk,Male,143.175.64.94
735,Cleavland,Collcott,ccollcottke@51.la,Male,0.243.48.251
736,Nonna,Doy,ndoykf@cnn.com,Polygender,100.205.146.221
737,Penni,Parish,pparishkg@plala.or.jp,Female,24.153.209.135
738,Halie,Eastop,heastopkh@comsenz.com,Female,3.35.208.224
739,Boigie,Abbay,babbayki@hao123.com,Male,46.82.159.24
740,Izzy,Comley,icomleykj@networkadvertising.org,Genderfluid,125.88.102.58
741,Fionnula,Jaffra,fjaffrakk@pcworld.com,Female,37.121.218.217
742,Mychal,Stirling,mstirlingkl@vistaprint.com,Genderqueer,65.86.241.223
743,Bee,Pybworth,bpybworthkm@wikispaces.com,Female,151.220.218.139
744,Lenore,Binestead,lbinesteadkn@wisc.edu,Female,145.5.16.117
745,Myca,Freddi,mfreddiko@eepurl.com,Male,84.119.38.82
746,Miof mela,Blanche,mblanchekp@irs.gov,Female,66.157.141.93
747,Paulie,Lyenyng,plyenyngkq@ftc.gov,Male,122.110.146.232
748,Les,Perschke,lperschkekr@businessweek.com,Male,205.118.115.131
749,Brooke,Mayberry,bmayberryks@washingtonpost.com,Male,9.182.169.72
750,Simone,Glencros,sglencroskt@adobe.com,Male,92.59.232.7
751,Jedd,Saladine,jsaladineku@prlog.org,Male,26.243.240.24
752,Gaston,Anselm,ganselmkv@angelfire.com,Male,24.68.250.229
753,Avigdor,Mowsdell,amowsdellkw@people.com.cn,Male,24.177.226.109
754,Caritta,Soulsby,csoulsbykx@g.co,Female,38.98.224.191
755,Oona,Learman,olearmanky@ihg.com,Female,42.157.89.137
756,Zia,Damper,zdamperkz@sphinn.com,Female,156.190.229.128
757,Arnoldo,Rowesby,arowesbyl0@soup.io,Male,54.41.147.10
758,Josselyn,Rattery,jratteryl1@delicious.com,Female,219.53.240.176
759,Ron,Digginson,rdigginsonl2@imdb.com,Male,217.105.73.229
760,Gretel,Giacoboni,ggiacobonil3@privacy.gov.au,Female,137.44.29.230
761,Benton,Haddeston,bhaddestonl4@reuters.com,Male,99.12.62.131
762,Danila,Keggin,dkegginl5@answers.com,Female,178.240.251.98
763,Koenraad,Baxstare,kbaxstarel6@who.int,Male,36.84.57.45
764,Lorie,Seakings,lseakingsl7@fda.gov,Female,179.18.98.252
765,Eldin,Tremmil,etremmill8@discovery.com,Male,26.179.110.164
766,Ulrich,Bohlsen,ubohlsenl9@diigo.com,Male,235.204.210.4
767,Melisse,Dodge,mdodgela@spotify.com,Female,4.235.167.116
768,Marlow,Mollett,mmollettlb@whitehouse.gov,Male,171.13.45.242
769,Berty,Jorczyk,bjorczyklc@globo.com,Male,91.15.64.81
770,Amos,Winscom,awinscomld@comcast.net,Male,117.186.248.47
771,Bellina,Mauchlen,bmauchlenle@w3.org,Female,192.56.177.254
772,Osbourn,Pendre,opendrelf@bizjournals.com,Male,21.113.18.43
773,Cordy,Gravenell,cgravenelllg@nytimes.com,Female,155.41.167.168
774,Darius,Mawd,dmawdlh@vimeo.com,Male,196.29.86.229
775,Annabel,Ridolfi,aridolfili@vinaora.com,Female,155.13.87.231
776,Morie,Goodlad,mgoodladlj@taobao.com,Male,95.95.5.164
777,Valene,Zavattero,vzavatterolk@berkeley.edu,Female,27.112.245.78
778,Edsel,Moretto,emorettoll@cocolog-nifty.com,Male,110.217.165.164
779,Jessee,Bandey,jbandeylm@nydailynews.com,Male,163.231.124.54
780,Sammy,Duffet,sduffetln@gov.uk,Female,151.219.212.111
781,Shannon,Hawkswell,shawkswelllo@weibo.com,Male,10.2.73.244
782,Tracy,Hlavecek,thlaveceklp@jimdo.com,Female,100.12.43.82
783,Estevan,Rounsivall,erounsivalllq@prlog.org,Male,14.187.176.135
784,Ursuline,Clotworthy,uclotworthylr@thetimes.co.uk,Female,211.174.152.254
785,Giralda,Barlass,gbarlassls@google.com.hk,Female,54.196.34.147
786,Carl,Bolingbroke,cbolingbrokelt@earthlink.net,Male,69.134.116.230
787,Erin,Sapson,esapsonlu@jigsy.com,Male,226.101.53.19
788,Anderea,Bilson,abilsonlv@japanpost.jp,Non-binary,35.173.226.227
789,Holly,Sabates,hsabateslw@go.com,Male,205.134.14.43
790,Stanislaw,Brellin,sbrellinlx@spotify.com,Male,50.15.185.209
791,Alaine,Dat,adatly@free.fr,Female,247.17.164.189
792,Cody,Baudinot,cbaudinotlz@fda.gov,Female,35.70.240.152
793,Betty,Brockest,bbrockestm0@earthlink.net,Agender,111.132.114.234
794,Twyla,Mingauld,tmingauldm1@deliciousdays.com,Female,20.130.255.145
795,Allegra,Ballin,aballinm2@nytimes.com,Female,148.247.98.125
796,Gabrila,Plumbley,gplumbleym3@cbc.ca,Female,55.92.114.103
797,Renado,Ferrulli,rferrullim4@blogger.com,Male,130.60.203.75
798,Llewellyn,Baldwin,lbaldwinm5@51.la,Male,88.109.155.197
799,Evyn,Gosnall,egosnallm6@nationalgeographic.com,Male,233.253.39.149
800,Wilbert,Nutten,wnuttenm7@discovery.com,Male,202.56.217.76
801,Staford,State,sstatem8@wufoo.com,Male,225.182.127.114
802,Christos,Talks,ctalksm9@telegraph.co.uk,Male,200.100.110.89
803,Marna,Whittier,mwhittierma@reddit.com,Female,66.127.152.81
804,Beulah,Songist,bsongistmb@bloglines.com,Female,138.120.192.6
805,Rubetta,Barnicott,rbarnicottmc@discuz.net,Female,41.67.114.167
806,Toddy,Lantoph,tlantophmd@quantcast.com,Male,96.216.224.114
807,Iona,Tunder,itunderme@devhub.com,Female,215.206.46.116
808,Pris,Major,pmajormf@github.com,Female,225.41.152.195
809,Evelyn,Hane,ehanemg@studiopress.com,Male,14.231.118.5
810,Markos,Longmire,mlongmiremh@ted.com,Male,13.88.139.240
811,Darryl,Minister,dministermi@about.com,Male,158.201.176.24
812,Quentin,Muddiman,qmuddimanmj@alexa.com,Male,131.19.189.170
813,Fay,Senett,fsenettmk@netvibes.com,Female,221.115.193.245
814,Kaycee,Cavozzi,kcavozziml@networkadvertising.org,Female,231.253.226.43
815,Milly,Whanstall,mwhanstallmm@bravesites.com,Female,91.19.147.202
816,Amanda,Missen,amissenmn@umn.edu,Female,240.173.203.224
817,Titos,Lory,tlorymo@yandex.ru,Male,170.178.1.13
818,Nataline,Milroy,nmilroymp@devhub.com,Female,6.17.157.209
819,Zaria,Lapish,zlapishmq@discuz.net,Female,80.63.143.144
820,Kristen,Lobell,klobellmr@springer.com,Female,149.53.221.6
821,Christos,Hopkins,chopkinsms@sbwire.com,Male,207.99.16.97
822,Farlee,Eggins,fegginsmt@sakura.ne.jp,Male,112.126.116.42
823,Roldan,Gahan,rgahanmu@xing.com,Male,18.101.39.67
824,Denys,Radmore,dradmoremv@yolasite.com,Polygender,47.163.135.13
825,Arie,Rajchert,arajchertmw@ucla.edu,Male,125.136.33.92
826,Kellby,Clemmett,kclemmettmx@examiner.com,Male,233.177.199.40
827,Isidoro,Longhirst,ilonghirstmy@instagram.com,Male,255.60.6.53
828,Maryrose,Le Noire,mlenoiremz@networksolutions.com,Female,143.36.164.39
829,Arri,Bestwall,abestwalln0@ebay.com,Male,246.202.73.41
830,Marlowe,Harmond,mharmondn1@fotki.com,Male,1.185.73.214
831,Kenton,Jagson,kjagsonn2@edublogs.org,Agender,216.58.124.208
832,Egbert,Eathorne,eeathornen3@reddit.com,Male,190.181.22.91
833,Nesta,Maccaig,nmaccaign4@newsvine.com,Female,226.146.151.188
834,Sabrina,Scowen,sscowenn5@studiopress.com,Female,112.145.59.220
835,Maura,Staves,mstavesn6@tiny.cc,Female,156.96.128.108
836,Almira,Scamaden,ascamadenn7@amazonaws.com,Female,7.150.87.110
837,Opalina,Baudy,obaudyn8@linkedin.com,Female,77.141.183.151
838,Chevalier,Guerrieri,cguerrierin9@discuz.net,Agender,175.79.174.69
839,Abramo,Bertomieu,abertomieuna@angelfire.com,Male,121.172.74.170
840,Cory,Totton,ctottonnb@1und1.de,Female,31.195.4.173
841,Claudette,Rebillard,crebillardnc@nifty.com,Female,187.18.150.106
842,Marsh,Heare,mhearend@smh.com.au,Male,35.195.175.122
843,Alfredo,Crombleholme,acrombleholmene@china.com.cn,Male,39.207.37.99
844,Wyn,Bage,wbagenf@cyberchimps.com,Male,232.28.247.156
845,Felipe,Bowlas,fbowlasng@1688.com,Male,163.254.235.0
846,Vite,Wadesworth,vwadesworthnh@paypal.com,Male,57.172.80.5
847,Teodora,Treversh,ttrevershni@nifty.com,Female,93.33.203.160
848,Phil,MacCoughen,pmaccoughennj@jiathis.com,Male,188.123.195.121
849,Moina,Rosenfield,mrosenfieldnk@stanford.edu,Female,222.104.32.247
850,Lindi,Strewther,lstrewthernl@bravesites.com,Female,213.134.209.11
851,Flss,Woehler,fwoehlernm@weebly.com,Female,143.22.69.137
852,Alard,Poynton,apoyntonnn@weibo.com,Male,65.251.166.146
853,Briant,Burtonshaw,bburtonshawno@bizjournals.com,Male,100.168.137.235
854,Kania,Teligin,kteliginnp@ebay.co.uk,Female,130.162.197.172
855,Gavan,Cluse,gclusenq@github.com,Genderqueer,50.17.203.203
856,Tomaso,Eales,tealesnr@bizjournals.com,Male,123.123.233.171
857,Roshelle,Andrus,randrusns@alexa.com,Female,31.142.48.195
858,Thibaud,Djorvic,tdjorvicnt@imgur.com,Bigender,25.48.154.86
859,Westbrook,Gheeorghie,wgheeorghienu@yandex.ru,Male,72.218.202.113
860,Kienan,Reglar,kreglarnv@nymag.com,Male,217.103.15.76
861,Peder,Twyning,ptwyningnw@icq.com,Male,224.234.170.37
862,Lilah,Wakley,lwakleynx@ycombinator.com,Female,146.196.158.21
863,Humbert,Wilce,hwilceny@slideshare.net,Male,119.177.245.125
864,Jerrilee,De Roeck,jderoecknz@google.ca,Female,189.113.22.27
865,Marshall,Dyka,mdykao0@squidoo.com,Male,115.138.117.8
866,Morganne,Clayden,mclaydeno1@patch.com,Female,185.99.31.37
867,Patin,Dootson,pdootsono2@newyorker.com,Male,184.134.230.171
868,Selene,Fearney,sfearneyo3@ehow.com,Female,76.118.41.157
869,Sandye,Erat,serato4@paypal.com,Bigender,201.205.150.197
870,Glynnis,Heppenspall,gheppenspallo5@360.cn,Female,39.56.103.82
871,Eadith,Kellough,ekellougho6@mapquest.com,Female,145.48.33.62
872,Marilee,Fattorini,mfattorinio7@wikipedia.org,Female,165.199.76.38
873,Richmond,Quinlan,rquinlano8@nbcnews.com,Male,198.134.125.99
874,Tracy,Kerfut,tkerfuto9@businesswire.com,Female,208.98.106.0
875,Phil,Hariot,phariotoa@histats.com,Non-binary,223.233.120.40
876,Else,Friary,efriaryob@businesswire.com,Female,153.240.113.153
877,Emmerich,Petruk,epetrukoc@desdev.cn,Male,234.113.77.124
878,Lilllie,Warrington,lwarringtonod@ebay.co.uk,Female,213.232.112.91
879,Laney,Androli,landrolioe@ezinearticles.com,Genderqueer,175.34.160.147
880,Dyanna,Mallender,dmallenderof@theguardian.com,Female,39.19.32.92
881,Benn,Voas,bvoasog@theguardian.com,Genderqueer,66.233.173.202
882,Lorens,Simeon,lsimeonoh@uiuc.edu,Male,2.2.24.123
883,Brittaney,Tyas,btyasoi@phpbb.com,Female,239.124.26.37
884,Arabela,Isacoff,aisacoffoj@gmpg.org,Female,140.91.182.146
885,Luis,Castel,lcastelok@flavors.me,Male,94.220.105.14
886,Klarika,Corrison,kcorrisonol@sourceforge.net,Female,214.205.242.239
887,Keelia,Arpin,karpinom@myspace.com,Female,79.249.237.101
888,Flossy,McAulay,fmcaulayon@yandex.ru,Female,92.109.127.233
889,Martyn,Grimm,mgrimmoo@desdev.cn,Male,131.248.6.27
890,Benni,Mc Combe,bmccombeop@qq.com,Female,153.219.33.3
891,Kassey,Lemerle,klemerleoq@diigo.com,Female,149.199.7.140
892,Eward,Du Hamel,eduhamelor@prlog.org,Male,88.187.253.245
893,Shelagh,Ruprich,sruprichos@oakley.com,Female,79.234.122.56
894,William,Reggiani,wreggianiot@answers.com,Polygender,162.88.53.75
895,Roselia,Carlon,rcarlonou@un.org,Female,60.245.42.160
896,Gray,Balcombe,gbalcombeov@imageshack.us,Non-binary,254.161.192.118
897,Lewes,Bome,lbomeow@phoca.cz,Male,110.78.110.250
898,Duffie,Gutridge,dgutridgeox@sciencedirect.com,Male,121.217.49.11
899,Ailbert,Stode,astodeoy@google.it,Male,55.203.124.70
900,Jessie,Gilbody,jgilbodyoz@csmonitor.com,Male,34.144.48.223
901,Evin,Banaszewski,ebanaszewskip0@posterous.com,Male,3.128.33.139
902,Wade,Madge,wmadgep1@hatena.ne.jp,Male,22.139.213.186
903,Gypsy,Kenningham,gkenninghamp2@goodreads.com,Female,89.26.136.251
904,Rowland,Dunbar,rdunbarp3@walmart.com,Male,120.68.9.38
905,Georg,Kirvell,gkirvellp4@tinyurl.com,Male,179.196.91.209
906,Sheena,Birdfield,sbirdfieldp5@skype.com,Female,251.114.220.235
907,Natty,Pomphrett,npomphrettp6@odnoklassniki.ru,Non-binary,124.170.175.254
908,Enrique,Tettersell,etettersellp7@4shared.com,Male,238.175.103.164
909,Cassie,Wards,cwardsp8@dedecms.com,Female,4.77.157.114
910,Cleon,Mewis,cmewisp9@cmu.edu,Male,196.38.3.104
911,Sarajane,Sanpher,ssanpherpa@cnet.com,Female,86.242.147.195
912,Raina,Radmore,rradmorepb@cdc.gov,Bigender,204.120.71.88
913,Dalia,Brennenstuhl,dbrennenstuhlpc@nbcnews.com,Agender,133.41.9.201
914,Anabel,Hoyles,ahoylespd@jugem.jp,Non-binary,184.237.240.131
915,Pansie,Fullerd,pfullerdpe@tiny.cc,Female,210.85.58.126
916,Wynn,Angear,wangearpf@hatena.ne.jp,Female,219.222.213.38
917,Claiborne,Grouer,cgrouerpg@over-blog.com,Male,200.170.173.133
918,Vanna,Wakes,vwakesph@chicagotribune.com,Female,235.100.180.167
919,Stormie,Lacroux,slacrouxpi@weibo.com,Female,253.180.92.184
920,Niall,O'Dulchonta,nodulchontapj@weebly.com,Male,143.23.75.233
921,Wilow,Grishankov,wgrishankovpk@google.es,Genderqueer,153.250.72.28
922,Darby,Harbar,dharbarpl@woothemes.com,Male,89.79.78.62
923,Merrielle,Crowch,mcrowchpm@omniture.com,Female,238.222.175.8
924,Pauly,Plenty,pplentypn@netlog.com,Female,57.236.248.20
925,Avery,Gallacher,agallacherpo@w3.org,Male,160.180.34.230
926,Ignace,Cunniam,icunniampp@scientificamerican.com,Male,196.122.108.35
927,Conny,Patters,cpatterspq@usnews.com,Female,221.60.73.223
928,Ezechiel,Bonanno,ebonannopr@tuttocitta.it,Male,241.178.3.224
929,Marcel,Harbach,mharbachps@goodreads.com,Male,32.166.23.123
930,Wenonah,Simukov,wsimukovpt@printfriendly.com,Bigender,123.126.45.122
931,Walther,Hannam,whannampu@mlb.com,Male,205.192.155.154
932,Sam,Yakhin,syakhinpv@scribd.com,Male,180.74.139.181
933,Kippy,Witchell,kwitchellpw@opera.com,Female,97.122.19.121
934,Amelina,Petruskevich,apetruskevichpx@barnesandnoble.com,Female,249.241.113.161
935,Joleen,Huleatt,jhuleattpy@hostgator.com,Female,53.134.83.245
936,Briggs,Peakman,bpeakmanpz@mysql.com,Male,177.60.6.107
937,Osborn,Sautter,osautterq0@xrea.com,Male,113.212.237.191
938,Kirby,Limpenny,klimpennyq1@surveymonkey.com,Male,37.107.89.2
939,Idell,Vina,ivinaq2@mit.edu,Female,141.138.210.232
940,Sybille,Glewe,sgleweq3@ifeng.com,Female,194.99.173.103
941,Cullen,Whitford,cwhitfordq4@de.vu,Male,230.247.149.196
942,Obediah,Cotherill,ocotherillq5@geocities.com,Male,27.34.202.12
943,Ludovico,Rooney,lrooneyq6@dot.gov,Male,178.89.160.41
944,Christiano,Caldes,ccaldesq7@apple.com,Male,82.165.67.117
945,Gibbie,Dellenbrok,gdellenbrokq8@quantcast.com,Male,241.172.114.185
946,Charmane,Millard,cmillardq9@bluehost.com,Polygender,8.37.76.103
947,Georgianna,Rubinek,grubinekqa@blogger.com,Female,228.186.138.18
948,Ursula,Adanez,uadanezqb@google.fr,Female,240.127.166.228
949,Caressa,Lardnar,clardnarqc@ask.com,Female,232.189.39.46
950,Rustie,Fitzsymon,rfitzsymonqd@storify.com,Male,67.50.200.127
951,Esther,Le Blanc,eleblancqe@cpanel.net,Female,182.4.34.223
952,Netti,Porritt,nporrittqf@qq.com,Female,107.232.63.186
953,Kandace,Symper,ksymperqg@loc.gov,Female,202.137.136.184
954,Obed,Daniele,odanieleqh@hud.gov,Male,178.103.107.206
955,Maxwell,D'Aubney,mdaubneyqi@cdbaby.com,Male,235.95.244.5
956,Hastings,Lineham,hlinehamqj@phoca.cz,Male,74.56.56.73
957,Efren,Wayman,ewaymanqk@icq.com,Male,79.163.86.188
958,Flem,Prene,fpreneql@dedecms.com,Male,205.213.92.250
959,Sydelle,Brient,sbrientqm@samsung.com,Female,242.248.78.188
960,Hamel,O'Doherty,hodohertyqn@diigo.com,Male,38.90.173.246
961,Ambur,Colecrough,acolecroughqo@loc.gov,Female,96.152.235.202
962,Heath,Montrose,hmontroseqp@comsenz.com,Male,221.26.146.63
963,Teodoro,Shama,tshamaqq@opera.com,Male,92.140.39.70
964,Gretta,Catmull,gcatmullqr@opensource.org,Female,102.123.4.200
965,Ally,Cudby,acudbyqs@tamu.edu,Female,172.106.69.115
966,Addy,Coniam,aconiamqt@sohu.com,Female,3.74.221.223
967,Hasty,Kendrew,hkendrewqu@seesaa.net,Genderfluid,113.164.215.201
968,Cyndy,Gonin,cgoninqv@google.nl,Female,28.212.154.130
969,Sorcha,Reay,sreayqw@house.gov,Female,144.207.95.255
970,Giffer,Peet,gpeetqx@ibm.com,Male,30.7.142.172
971,Yancy,Kewish,ykewishqy@illinois.edu,Genderfluid,201.202.163.168
972,Randolf,McClifferty,rmccliffertyqz@i2i.jp,Male,183.11.142.17
973,Romain,Gorger,rgorgerr0@cbslocal.com,Non-binary,90.169.212.218
974,Rickie,Guly,rgulyr1@washingtonpost.com,Genderqueer,156.19.227.28
975,Charla,Pergens,cpergensr2@msu.edu,Female,38.90.33.234
976,Brana,Dongall,bdongallr3@sourceforge.net,Female,160.96.68.233
977,Eulalie,Grocott,egrocottr4@usnews.com,Female,123.82.35.10
978,Timothee,Panons,tpanonsr5@smh.com.au,Male,180.26.103.232
979,Damon,Wagerfield,dwagerfieldr6@marriott.com,Male,235.13.89.206
980,Johanna,Kebbell,jkebbellr7@narod.ru,Female,70.183.103.213
981,Morly,Conradie,mconradier8@springer.com,Male,91.135.154.21
982,Ev,Pavlov,epavlovr9@cafepress.com,Agender,222.74.78.182
983,Auguste,Saffen,asaffenra@a8.net,Female,8.243.78.219
984,Wyatt,Spadaro,wspadarorb@ow.ly,Male,196.217.111.54
985,Archibald,Adamczewski,aadamczewskirc@europa.eu,Male,220.6.193.209
986,Kate,Cornelisse,kcornelisserd@redcross.org,Female,94.215.25.226
987,Lenci,Gager,lgagerre@foxnews.com,Male,69.186.113.98
988,Alfie,Parysiak,aparysiakrf@nhs.uk,Genderfluid,181.99.233.6
989,Odetta,Tregien,otregienrg@bbc.co.uk,Female,174.7.68.57
990,Thornie,Eannetta,teannettarh@mit.edu,Male,8.190.44.189
991,Cherice,Saward,csawardri@oakley.com,Female,132.126.239.144
992,Ware,Lymer,wlymerrj@businesswire.com,Male,59.147.227.250
993,Bailie,Maken,bmakenrk@techcrunch.com,Male,163.135.226.132
994,Jorie,Ayris,jayrisrl@w3.org,Female,114.124.42.193
995,Leonanie,Golland,lgollandrm@netlog.com,Female,247.103.59.206
996,Xavier,Baptie,xbaptiern@nps.gov,Male,229.87.27.10
997,Symon,Sheirlaw,ssheirlawro@creativecommons.org,Male,180.35.222.109
998,Hilliary,Fayter,hfayterrp@theguardian.com,Female,125.233.156.27
999,Delores,Neill,dneillrq@dyndns.org,Female,12.140.208.243
1000,Sherlocke,Louth,slouthrr@deviantart.com,Male,30.72.139.140
